domain,parent_domain
7ba99.limm.top,limm.top
avadtrade.buzz,avadtrade.buzz
koinimtd.com,koinimtd.com
igshimao.com,igshimao.com
wap.nnbv.xyz10,nnbv.xyz10
app.h2guo.com,h2guo.com
hugedomains.com,hugedomains.com
asdhe.resuasf.vip,resuasf.vip
sixtrade.xyz,sixtrade.xyz
qqkkx.com,qqkkx.com
letian1122.com,letian1122.com
xntd123.com,xntd123.com
coproex.cc,coproex.cc
bf-ex.com,bf-ex.com
eightd.xyz,eightd.xyz
weilanwang.cc,weilanwang.cc
huntinglobal.com,huntinglobal.com
macoofx.com,macoofx.com
gpwtrad.com,gpwtrad.com
ceuuja.vip,ceuuja.vip
yeekex.com,yeekex.com
down.ghjdfbh.com,ghjdfbh.com
lunotrad.com,lunotrad.com
anxtrad.com,anxtrad.com
auhc123.live,auhc123.live
newbitba.xyz,newbitba.xyz
6618sta.club,6618sta.club
difcglobal.com,difcglobal.com
asuna973c.live,asuna973c.live
hyhy.pj2nnas.xyz,pj2nnas.xyz
morecoin.live,morecoin.live
xaq9.yausdznca89.club,yausdznca89.club
bfex.pro,bfex.pro
cde.psdn123.xyz,psdn123.xyz
7p0pdr.btex11.com,btex11.com
d.z2.wtf,z2.wtf
btcturocenter.com,btcturocenter.com
eonmir.cc,eonmir.cc
btcturob2c.com,btcturob2c.com
trade81853.xyz,trade81853.xyz
bitchemdtc.com,bitchemdtc.com
wclubex.com,wclubex.com
d.huntinglobal.buzz,huntinglobal.buzz
h5.uniswapx3.com,uniswapx3.com
"biki111.com
https","biki111.com
https"
user.suntonfx.com,suntonfx.com
sgxbul.com,sgxbul.com
huitongcaifu.net,huitongcaifu.net
"zbweb01.com
 https","zbweb01.com
 https"
fhbinvest.com,fhbinvest.com
lctpue.com,lctpue.com
dianpushen.com,dianpushen.com
h5.CMCSPRO.COM,CMCSPRO.COM
huibetd.com,huibetd.com
hexinfx.com,hexinfx.com
btcethforex.com,btcethforex.com
magiccoin.vip,magiccoin.vip
ku-coinglobal.com,ku-coinglobal.com
ku-coinglibal.com,ku-coinglibal.com
app.4icba.cn,4icba.cn
fxcmadm.com,fxcmadm.com
h5.asxfly.com,asxfly.com
avatraduum.com,avatraduum.com
gavingl.com,gavingl.com
bmhex.com,bmhex.com
zwt8815.com,zwt8815.com
down.gateswr.net,gateswr.net
absaforex.com,absaforex.com
aausforex.xyz,aausforex.xyz
h5.hifly62823.top,hifly62823.top
eth-promirot.com,eth-promirot.com
dxdexpro.com,dxdexpro.com
Http,
ccmidea.com,ccmidea.com
quanado.com,quanado.com
chinesepic.com,chinesepic.com
hqq.uyban.club,uyban.club
suntonfx.com,suntonfx.com
t0988123.club,t0988123.club
m98xhabba.vip,m98xhabba.vip
876hbba67.live,876hbba67.live
sygnexc.com,sygnexc.com
dolo.bitmex66.com,bitmex66.com
wap.bitcoinexap.vip,bitcoinexap.vip
fglines.com,fglines.com
coinmx.vip,coinmx.vip
infocoinnetwork.com,infocoinnetwork.com
ff7tse0.cn,ff7tse0.cn
mhn.bet,mhn.bet
ytyetrfjhdgc.xyz,ytyetrfjhdgc.xyz
bitcoinexs.top,bitcoinexs.top
hgrhiufger.xyz,hgrhiufger.xyz
cwgpro.com,cwgpro.com
user.dooprime.live,dooprime.live
bsn56.com,bsn56.com
creatorexchange1.com,creatorexchange1.com
24fxtradeoption.com,24fxtradeoption.com
wwfss.top,wwfss.top
facoin.co,facoin.co
ccfoxsp.vip,ccfoxsp.vip
nasdaqwincoin.com,nasdaqwincoin.com
sstopapp.com,sstopapp.com
m.fntm.app,fntm.app
coindeskex.org,coindeskex.org
official.gtrfox.com,gtrfox.com
eth-defi5.com,eth-defi5.com
d.balancerpros.xyz,balancerpros.xyz
eminss.top,eminss.top
bitmaster.me,bitmaster.me
phptt.com,phptt.com
willfxvip.com,willfxvip.com
icac9001.com,icac9001.com
fxxincm.com,fxxincm.com
zbgtrades.com,zbgtrades.com
h5.bsxau.com,bsxau.com
cracksupport.com,cracksupport.com
pccwell.com,pccwell.com
yamatoonline.com,yamatoonline.com
jumperfx.club,jumperfx.club
bairradaforex.com,bairradaforex.com
hrkj8.com,hrkj8.com
ubayadm.com,ubayadm.com
zenithblockchainminers.com,zenithblockchainminers.com
mbitoken.com,mbitoken.com
hkexpro.xyz,hkexpro.xyz
h5.boersefrankfurtau.com,boersefrankfurtau.com
BZEXPRO.COM,BZEXPRO.COM
steady3650.com,steady3650.com
decisionglobal.com,decisionglobal.com
a.kineprotocol.net,kineprotocol.net
cmmcisecurities.com,cmmcisecurities.com
zbcc.ac.cn,ac.cn
bmovipg.com,bmovipg.com
coinbaseprose.com,coinbaseprose.com
wap.capones.vip,capones.vip
zhinter.com,zhinter.com
h5.msjaut.com,msjaut.com
ifccoins.com,ifccoins.com
coinbucket.com,coinbucket.com
effortwe365.com,effortwe365.com
Fhbinvest.com,Fhbinvest.com
blgajd.com,blgajd.com
proex.com,proex.com
w1sds.top,w1sds.top
orangexa.com,orangexa.com
pecco123.com,pecco123.com
d.wiexexs.com,wiexexs.com
Chinalysis.com,Chinalysis.com
Bitfine.net,Bitfine.net
h5.tpgbitex.xyz,tpgbitex.xyz
bitchem.com,bitchem.com
yonasty.com,yonasty.com
eth-deel.net,eth-deel.net
upbitcfdt.com,upbitcfdt.com
bsxau.com,bsxau.com
u2e-free.com,u2e-free.com
U2E-free.mobi,U2E-free.mobi
encryptlyd.com,encryptlyd.com
zebpayex.vip,zebpayex.vip
sjf-fx.com,sjf-fx.com
bitmaster8.com,bitmaster8.com
autocashmining.com,autocashmining.com
h5.constellationcoin.net,constellationcoin.net
h5.boersefrankfurtvip.com,boersefrankfurtvip.com
coin-pull.com,coin-pull.com
sjfuturefx.com,sjfuturefx.com
card-ano.org,card-ano.org
yonidn.com,yonidn.com
eth-banko.co,eth-banko.co
hengry-fx.com,hengry-fx.com
lex.regafum.com,regafum.com
cmegrouplib.com,cmegrouplib.com
hillsu.com,hillsu.com
yomani.vip,yomani.vip
miningblockfarm.com,miningblockfarm.com
metamask.io,metamask.io
hcoinweb.com,hcoinweb.com
op.gdzyzx.xyz,gdzyzx.xyz
guifeng.xyz,guifeng.xyz
hkictc.com,hkictc.com
sungerfxgroup.com,sungerfxgroup.com
zbgpra.com,zbgpra.com
defi.usdt-defi2.org,usdt-defi2.org
bitbasepro.vip,bitbasepro.vip
dumbllmarket.com,dumbllmarket.com
minebits.net,minebits.net
sbivct.coom,sbivct.coom
bihui.buzz,bihui.buzz
sql.lsqan.space,lsqan.space
eosglobalinvesting.com,eosglobalinvesting.com
slocksfx.com,slocksfx.com
coinexprogn.com,coinexprogn.com
u2e-free.mobi,u2e-free.mobi
dapps-walletconnect.com,dapps-walletconnect.com
cbdefi.net,cbdefi.net
sandwind.xyz,sandwind.xyz
cbeth.io,cbeth.io
d.honrex.info,honrex.info
h5.bittrexllv.com,bittrexllv.com
eth-defi10.com,eth-defi10.com
fitter-fx.com,fitter-fx.com
jbtvip.com,jbtvip.com
mt-fogee.online,mt-fogee.online
usdtdefi.io,usdtdefi.io
theta-b.com,theta-b.com
dzdaqi.com,dzdaqi.com
bkejgvl.cn,bkejgvl.cn
m.mykkyy883.com,mykkyy883.com
eth-starfish.com,eth-starfish.com
m.yesstyle6.com,yesstyle6.com
e10006.eth-fun.com,eth-fun.com
kscapitalfx.com,kscapitalfx.com
h5.hkexpro.xyz,hkexpro.xyz
ubagvas1.xyz,ubagvas1.xyz
ethdifi.com,ethdifi.com
coinuefx.com,coinuefx.com
sunacfx.com,sunacfx.com
tgcdd.com,tgcdd.com
eff88.com,eff88.com
crm.pinomarkets.com,pinomarkets.com
ETH-Starfish.com,ETH-Starfish.com
rtorrents.com,rtorrents.com
ft-ex.pro,ft-ex.pro
forex-sj.com,forex-sj.com
defi.defi-usd.net,defi-usd.net
coinmog.net,coinmog.net
coinnetglobal.pro,coinnetglobal.pro
h5.cxmtraduc.com,cxmtraduc.com
testflight.apple.com,apple.com
bnbdt.pro,bnbdt.pro
jubilib.com,jubilib.com
arcoinlib.com,arcoinlib.com
fxcmlib.com,fxcmlib.com
fxcmtan.com,fxcmtan.com
moneroing.com,moneroing.com
jubifor.com,jubifor.com
jubiall.com,jubiall.com
deadocean.com,deadocean.com
comethswapour.com,comethswapour.com
coincom.xyz,coincom.xyz
itBitua.com; https,itBitua.com; https
spp65.com,spp65.com
forethusdt.com,forethusdt.com
ICAC9001.com,ICAC9001.com
account.vp-marketfx.com,vp-marketfx.com
bitwell.vip,bitwell.vip
Www.polkaswaps.com,polkaswaps.com
jubiters.com,jubiters.com
oneex.top,oneex.top
Uniswape.ai,Uniswape.ai
orangexx.cc,orangexx.cc
defiusdtnode.com,defiusdtnode.com
stic2021.com,stic2021.com
coinsn.club,coinsn.club
ehvx.pro,ehvx.pro
xonsu.com,xonsu.com
esdxcf.com,esdxcf.com
jslinkglobal.com,jslinkglobal.com
ETH-COIN.info,ETH-COIN.info
startcoinvip.net,startcoinvip.net
zion-global-limited.com,zion-global-limited.com
carrodsecuritiescoltd.com,carrodsecuritiescoltd.com
eth-defi13.com,eth-defi13.com
coinbase-m30s.com,coinbase-m30s.com
sichcapitalpz.com,sichcapitalpz.com
maxpfx.com,maxpfx.com
Zh-holding.com,Zh-holding.com
cbotour.com,cbotour.com
"jubifor.com
jubiall.com","com
jubiall.com"
"fxcmlib.com
fxcmtan.com","com
fxcmtan.com"
murongfx.com,murongfx.com
bestopex.com,bestopex.com
gotlonfx.com,gotlonfx.com
"cointigerfx.com
cointiger-ex.com","com
cointiger-ex.com"
"massusa.com
massusas.com","com
massusas.com"
lbake.net,lbake.net
Tuf Markets,
FFFA.CC,FFFA.CC
tmxvip.site,tmxvip.site
defi.usdt-defi.net,usdt-defi.net
defi.ethereum-usd.vip,ethereum-usd.vip
gsbis.me,gsbis.me
wap.bogwap.vip,bogwap.vip
wap.cboxs.finance,cboxs.finance
nycsto.com,nycsto.com
m.btcbox.la,btcbox.la
createwallet.com,createwallet.com
banoky.com,banoky.com
usdc-shop.com,usdc-shop.com
eth-usdt.club,eth-usdt.club
h5.mxcdrfi.com,mxcdrfi.com
"anandkoundal.com
anandfx.com
bitsbear.com","com
bitsbear.com"
sichcapitalpx.com,sichcapitalpx.com
user.nknight.live,nknight.live
a16zcrypto.cc,a16zcrypto.cc
ethu2e.com,ethu2e.com
m.bilaxyex.co,bilaxyex.co
wap.hotcap.top,hotcap.top
dotex.vip,dotex.vip
eth-event.co,eth-event.co
socialsin.xyz,socialsin.xyz
sodglobal.cc,sodglobal.cc
harris-forex.com,harris-forex.com
treasure180.com,treasure180.com
eth-seal.vip,eth-seal.vip
h5.ubcoins.net,ubcoins.net
sichcapitalsd.com,sichcapitalsd.com
coineggnom.com,coineggnom.com
lcxex.com,lcxex.com
Minedigital.net,Minedigital.net
coinseaex.com,coinseaex.com
creatwallet.com,creatwallet.com
h5.federalfinancialtea.com,federalfinancialtea.com
ethbonus-pool.com,ethbonus-pool.com
h5.decurretpro.com,decurretpro.com
coinbestex.site,coinbestex.site
tmsfin.com,tmsfin.com
eth-coinpool.com,eth-coinpool.com
stidebprom.vip,stidebprom.vip
utipadm.com,utipadm.com
m.rtorrents.com,rtorrents.com
h5.kpcb121.com,kpcb121.com
coincheck66.com,coincheck66.com
hkyyex.site,hkyyex.site
rsmbit.com,rsmbit.com
h5.capital8888.com,capital8888.com
h5.trade22213.xyz,trade22213.xyz
oamdi.xyz,oamdi.xyz
eew.jasbb1231.xyz,jasbb1231.xyz
o.oneofu.work,oneofu.work
dot-ex.vip,dot-ex.vip
bibtc.net,bibtc.net
h5.borsaint.com,borsaint.com
youtuex.com,youtuex.com
coinhui.net,coinhui.net
diexchange.net,diexchange.net
lippoltd.com.hk,com.hk
tfee.xyz,tfee.xyz
h5.huilitrad.com,huilitrad.com
fgweb68.com,fgweb68.com
s656819a6.com,s656819a6.com
sunnyforex.com.,com.
bitcoinexos.vip,bitcoinexos.vip
leta.ink,leta.ink
Blackrockweb68.com,Blackrockweb68.com
down.bstast.net,bstast.net
sshenwan.com,sshenwan.com
grdwd5.com,grdwd5.com
user.linkhuminvestment.com,linkhuminvestment.com
account.forex40.com,forex40.com
gb.anygaladay.com,anygaladay.com
ambrose.syins8.com,syins8.com
brtopapp.com,brtopapp.com
apkoss.oss-cn-chengdu.aliyuncs.com,aliyuncs.com
account.bit-deercoin.com,bit-deercoin.com
"bintrad.xyz
www.lianruitrad.com",lianruitrad.com
kickexint.com,kickexint.com
only.qnhzrq.work,qnhzrq.work
inpcforex.com,inpcforex.com
"bvproglobal.com
http","bvproglobal.com
http"
m.gangstacum.com,gangstacum.com
oslarl.com,oslarl.com
"kiauddh78mucn.com
http","kiauddh78mucn.com
http"
dt32267.com,dt32267.com
down.a51fan.com,a51fan.com
suy.jusvvxa.xyz,jusvvxa.xyz
jkhiurthrkjhfg.space,jkhiurthrkjhfg.space
h5.cap1688.com,cap1688.com
tmxgroup.live,tmxgroup.live
zygj.lkwnmt.work,lkwnmt.work
coin-isp.com,coin-isp.com
vestlepra.com,vestlepra.com
wlp.758563.top,758563.top
hjhdcv.life,hjhdcv.life
m.antsex.com,antsex.com
btccoins1.xyz,btccoins1.xyz
bitchembox.com,bitchembox.com
ff.yjypmall.cn,yjypmall.cn
btcwold.com,btcwold.com
luckycoin.shop,luckycoin.shop
"capitaloneu.vip
https","capitaloneu.vip
https"
o17bvabs.xyz,o17bvabs.xyz
ptex.pro,ptex.pro
yodacapital.net,yodacapital.net
hbtoponei.com,hbtoponei.com
bbkx.com,bbkx.com
h5.boersefrankglb.com,boersefrankglb.com
BIKI111.COM,BIKI111.COM
lctpinte.com,lctpinte.com
coinskyex.com,coinskyex.com
"ytqmtfx.com
https","ytqmtfx.com
https"
blkexpro.com,blkexpro.com
bceuae.com,bceuae.com
fdw.jas6aga2.xyz,jas6aga2.xyz
sunrayforex.com,sunrayforex.com
futabas.app,futabas.app
bldhk-fx.com,bldhk-fx.com
h5.fxcmlay.com,fxcmlay.com
ctoweb68.com,ctoweb68.com
biki111.com,biki111.com
tcexweb68.com,tcexweb68.com
yafit.site,yafit.site
piihbhsa.live,piihbhsa.live
yy.js-czhb.com,js-czhb.com
h5.trade37119.xyz,trade37119.xyz
h5.trade31213.xyz,trade31213.xyz
blackrockweb68.com,blackrockweb68.com
h5.cwgvip.com,cwgvip.com
kabitw.com,kabitw.com
usvaciu.com,usvaciu.com
vouch.xyz.com,xyz.com
h5.coinx.live,coinx.live
tmxex.net,tmxex.net
krakeniec.com,krakeniec.com
suntonfx.xyz,suntonfx.xyz
mcpexchange.com,mcpexchange.com
bitmax.ink,bitmax.ink
zlgcdn.online,zlgcdn.online
mex.bitfinexp.com,bitfinexp.com
client.hyfortune21.com,hyfortune21.com
fxcccenter.com,fxcccenter.com
tgmgex.com,tgmgex.com
bvproglobal.com,bvproglobal.com
hotcpro.vip,hotcpro.vip
ke29.xyz,ke29.xyz
fxcmrsa.com,fxcmrsa.com
potex.org,potex.org
bitmax.onk,bitmax.onk
neptuneblock.com,neptuneblock.com
prizmbit.vip,prizmbit.vip
nycex999.com,nycex999.com
cmetrad.com,cmetrad.com
h5.square99.xyz,square99.xyz
lakeweb68.com,lakeweb68.com
tobgogobk.com,tobgogobk.com
problockfolio.xyz,problockfolio.xyz
aaxvipa.com,aaxvipa.com
amendaex.com,amendaex.com
ttr.jasnvv167.xyz,jasnvv167.xyz
h5.bblsint.com,bblsint.com
twen.bitvovo.asia,bitvovo.asia
twdcep.com,twdcep.com
binettex.com,binettex.com
hapfoverfx.com,hapfoverfx.com
spglob.com,spglob.com
zoro-forex.com,zoro-forex.com
m.letanx.vip,letanx.vip
hublogs.com,hublogs.com
lyakrl.com,lyakrl.com
"fgweb68.com
","fgweb68.com
"
qbctex.com,qbctex.com
xinlian.xyz,xinlian.xyz
mkjmarkets.com,mkjmarkets.com
ali.6783322.com,6783322.com
m.smartcontractslimited.com,smartcontractslimited.com
letanx.vip,letanx.vip
bitcomexvip.site,bitcomexvip.site
jiasheng138.com,jiasheng138.com
fd.iconpro.vip,iconpro.vip
bitexos.vip,bitexos.vip
bvc.vghsddhcs.online,vghsddhcs.online
bitchembroker.com,bitchembroker.com
h5.cap880.com,cap880.com
axaline01.com,axaline01.com
itestfilght.com,itestfilght.com
down.qianmingwww.com,qianmingwww.com
Hashexs.com,Hashexs.com
nasdaqstif.com,nasdaqstif.com
impvcu.com,impvcu.com
hotcoinpro.vip,hotcoinpro.vip
zygj.p3j0684.cn,p3j0684.cn
etf68.bxanys.com,bxanys.com
ruilonginvest.com,ruilonginvest.com
vforex3650.com,vforex3650.com
cap880.com,cap880.com
bikipro88.xyz,bikipro88.xyz
coins.energy,coins.energy
tfcvcoin.com,tfcvcoin.com
arumcapital.eu,arumcapital.eu
hkexnews.club,hkexnews.club
WWW.JYJTRADE.COM,JYJTRADE.COM
simuliadcweb.com,simuliadcweb.com
jhq.s8h3bs.xyz,s8h3bs.xyz
ms.amhsbc.com,amhsbc.com
uscg.vip,uscg.vip
hashexs.com,hashexs.com
coinpryme.com,coinpryme.com
coinskale.com,coinskale.com
swvn.xyz,swvn.xyz
dbontrade.com,dbontrade.com
oslau.com,oslau.com
jyjtrade.com,jyjtrade.com
qisex.com,qisex.com
realbtcex.site,realbtcex.site
wap.cainvestw.vip,cainvestw.vip
web.instaforex24.com,instaforex24.com
koorbitau.com,koorbitau.com
wap.bitexsap.vip,bitexsap.vip
cmebil.com,cmebil.com
bikios.vip,bikios.vip
dxdpro.vip,dxdpro.vip
user.sungerfx.com,sungerfx.com
coininner.top,coininner.top
adxnbit.com,adxnbit.com
Nico.Exchange,Nico.Exchange
ameritradetw.tdamr.com,tdamr.com
wap.pecco123.com,pecco123.com
h5.trade73383.xyz,trade73383.xyz
wss.mieasier.xyz,mieasier.xyz
binance2vip.com,binance2vip.com
itk-ex.com,itk-ex.com
ruxcoin.com,ruxcoin.com
tg.cmeusa.pw,cmeusa.pw
potatoex.io,potatoex.io
tpg6.com,tpg6.com
wap.ba1762.com,ba1762.com
zaxhiyw.cn,zaxhiyw.cn
zh-holding.com,zh-holding.com
WWW.POLONIEX-PRO.VIP,POLONIEX-PRO.VIP
ww.bbkx.com,bbkx.com
h5.fxcmts.com,fxcmts.com
yhk88.app,yhk88.app
h5.krakencla.com,krakencla.com
h5.trade82555.xyz,trade82555.xyz
bbkxdt.com,bbkxdt.com
wiexex.com,wiexex.com
patyners.com,patyners.com
zmgty.top,zmgty.top
alanfx.cn,alanfx.cn
down.yyqqv.com,yyqqv.com
t88hjasd.xyz,t88hjasd.xyz
miners-gain.co,miners-gain.co
kryptoxminer.com,kryptoxminer.com
coinportal.ltd,coinportal.ltd
boniryweb.com,boniryweb.com
bibox.ltd,bibox.ltd
idexsvip.com,idexsvip.com
bizzan.vip,bizzan.vip
xhf.hiudhfiu.store,hiudhfiu.store
suntonfx.website,suntonfx.website
h5.trade97998.xyz,trade97998.xyz
cechkk.com,cechkk.com
nonfungiblecoin.net,nonfungiblecoin.net
d.app91576.top,app91576.top
nexos.vip,nexos.vip
asibaweb.com,asibaweb.com
jiaxinguk.com,jiaxinguk.com
mcdex.app,mcdex.app
upedexchain.cc,upedexchain.cc
upbit.wang,upbit.wang
ls-bit.com,ls-bit.com
lbankcenter.com,lbankcenter.com
prcbroker.vip,prcbroker.vip
bitmaster.cc,bitmaster.cc
mkj.cc,mkj.cc
east-century.info,east-century.info
tradingview.com,tradingview.com
okbitb.com,okbitb.com
sushilimited.com,sushilimited.com
hmexs.com,hmexs.com
wap.yomaniap.vip,yomaniap.vip
pionex.com,pionex.com
notabletofind.url,notabletofind.url
d.hkextd.buzz,hkextd.buzz
h5.mas9dhcbhasfweb.xyz,mas9dhcbhasfweb.xyz
bqbss.vip,bqbss.vip
ifsmarkets.com,ifsmarkets.com
blttrex.me,blttrex.me
nyseexe.com,nyseexe.com
krakenscoin.com,krakenscoin.com
m.bitmaster.cc,bitmaster.cc
pr-bit.com,pr-bit.com
app.fimco.cn,fimco.cn
yomanid.space,yomanid.space
7ebitex.com,7ebitex.com
360biki.com,360biki.com
FYCUENGEKZIANE.COM,FYCUENGEKZIANE.COM
web.avecoins.com,avecoins.com
upedexchain.top,upedexchain.top
oszbvip.com,oszbvip.com
fxdigital.ltd,fxdigital.ltd
wss.opticaobo.top,opticaobo.top
banyoudao.com,banyoudao.com
aomge.com,aomge.com
black5525.com,black5525.com
crm.zoro-forex.com,zoro-forex.com
biloke.com,biloke.com
nas.sbzvh41sr.xyz,sbzvh41sr.xyz
ausforex.asia,ausforex.asia
aaaa1gy6hw-www.banyoudao.com,banyoudao.com
h5.zbgtrades.com,zbgtrades.com
oacapitalholdings.com,oacapitalholdings.com
sungerfx.com,sungerfx.com
ali-uncle.com,ali-uncle.com
ihglobal.net,ihglobal.net
Smartcontractslimited.com,Smartcontractslimited.com
btchin.site,btchin.site
d.7sp.info,7sp.info
downloadcb.com,downloadcb.com
d.app25576.xyz,app25576.xyz
d.fexglobag.xyz,fexglobag.xyz
yuwsiawojxakqxnsj.com,yuwsiawojxakqxnsj.com
m.sf68.top,sf68.top
globedx2.com,globedx2.com
america.istripper.top,istripper.top
thefutureguard.com,thefutureguard.com
helius.pro,helius.pro
bitex.com,bitex.com
hongkonggg.com,hongkonggg.com
allbrightfinancialfx.com,allbrightfinancialfx.com
myawin.live,myawin.live
hicoin.ubs-exchange.xyz,ubs-exchange.xyz
w777.anaetf.com,anaetf.com
zhhold.live,zhhold.live
rosehlove.com,rosehlove.com
cointop.one,cointop.one
h5.icehuv.com,icehuv.com
coincomex.com,coincomex.com
16c5499s3.com,16c5499s3.com
vantagefx.com,vantagefx.com
portalrealm.co,portalrealm.co
yahuifinancefx.com,yahuifinancefx.com
wap.wwfpp.top,wwfpp.top
huixingforex.com,huixingforex.com
eth-main.club,eth-main.club
larcap.online,larcap.online
user.decisionglobal.com,decisionglobal.com
crm.vipafx.com,vipafx.com
h5.trade58579.xyz,trade58579.xyz
web.okex-global.xyz,okex-global.xyz
tocunelcnn.com,tocunelcnn.com
spacefinancitw.com,spacefinancitw.com
h5.tpgbitmax.vip,tpgbitmax.vip
"h5.coinbaseprose.com
https","coinbaseprose.com
https"
infinox.com,infinox.com
letaex.co,letaex.co
normancapitalgroup.com,normancapitalgroup.com
binasgvip.com,binasgvip.com
mofangxx.online,mofangxx.online
dappeplus.com,dappeplus.com
rewardsx.io,rewardsx.io
kirainu.com,kirainu.com
meetloveer.com,meetloveer.com
h5.aifeieu.com,aifeieu.com
lipuex.com,lipuex.com
futuohk.com,futuohk.com
coinbucker.com,coinbucker.com
asproplus.net,asproplus.net
eth-coinwallet.net,eth-coinwallet.net
bitmexchain.cn,bitmexchain.cn
huideli.info,huideli.info
app.maxcurrency.net,maxcurrency.net
bogbop.com,bogbop.com
sichcapitalax.com,sichcapitalax.com
vpxr.duanurl.xyz,duanurl.xyz
api.bbtc.gold,bbtc.gold
nudwislcjfehxs.com,nudwislcjfehxs.com
spp655.com,spp655.com
yllglobal.com,yllglobal.com
polkaswapss.com,polkaswapss.com
aka-money.net,aka-money.net
m.xmz-fxs.com,xmz-fxs.com
cmegroyp.com,cmegroyp.com
ks.shoujiulou.cn,shoujiulou.cn
tatoex.com,tatoex.com
greenstans.com.tw,com.tw
bitsmexcln.com,bitsmexcln.com
cbous.io,cbous.io
bilaxyEX.co,bilaxyEX.co
BITCHEMDTC.COM,BITCHEMDTC.COM
app.stone-fund.xyz,stone-fund.xyz
chaohuanfe.com,chaohuanfe.com
hengxingfores.com,hengxingfores.com
merbokfx.com,merbokfx.com
ethzone.me,ethzone.me
h5.bmodyr.com,bmodyr.com
tokenplace.vip,tokenplace.vip
b.kineprotocol.org,kineprotocol.org
iatfxwelshi.com,iatfxwelshi.com
eth-bee.live,eth-bee.live
iteg.cc,iteg.cc
btx16.xyz,btx16.xyz
tomahawkfrx.com,tomahawkfrx.com
h5.aifeiglobal.com,aifeiglobal.com
ectradefx.com,ectradefx.com
gydglobal.com,gydglobal.com
swapuni.info,swapuni.info
keetticoin.com,keetticoin.com
d.z6g.buzz,z6g.buzz
rydervip.net,rydervip.net
ueexfx.com,ueexfx.com
bmodyr.com,bmodyr.com
bitmexcln.net,bitmexcln.net
agent.ottofxtrading.com,ottofxtrading.com
down.dawdop.com,dawdop.com
localcryptosfx.com,localcryptosfx.com
futuresleverage.com,futuresleverage.com
m.btcbox.app,btcbox.app
aomking.com,aomking.com
koinimcoin.com,koinimcoin.com
"supercapitalfx.com
https","supercapitalfx.com
https"
lumentrades.com,lumentrades.com
antenjoy.vip,antenjoy.vip
zebpayex.com,zebpayex.com
d.bitgetex.org,bitgetex.org
facoinplus.com,facoinplus.com
topethmine.com,topethmine.com
impusdt.com,impusdt.com
eth-miner.org,eth-miner.org
COINTOP.ONE,COINTOP.ONE
"alcvip.com
h5.hifly09826.top",hifly09826.top
roden-fx.com,roden-fx.com
acdx.centere.info,centere.info
eth-coin.me,eth-coin.me
symboldata.com,symboldata.com
indusgold.ltd,indusgold.ltd
coinintrex.com,coinintrex.com
1xforextrade.com,1xforextrade.com
kpcb77.com,kpcb77.com
zbgtan.com   www.zbgcenter.com      www.zbgmax.com ,zbgmax.com 
coinbene.beisanxianxinfang.com,beisanxianxinfang.com
bsxctdwgo.cc,bsxctdwgo.cc
coinzoomprotv.com,coinzoomprotv.com
bityardgto.cc,bityardgto.cc
h5.coindealrx.com,coindealrx.com
h5.coindealst.com,coindealst.com
h5.coindealkop.com,coindealkop.com
usdt-ether.me,usdt-ether.me
tgc-axwci.com,tgc-axwci.com
unisnft.ai,unisnft.ai
ftxuodejisl.com,ftxuodejisl.com
eastpac.live,eastpac.live
falconx.vip,falconx.vip
bairrada-markets.com,bairrada-markets.com
ccfoxes.com,ccfoxes.com
deepscoins.com,deepscoins.com
letherbit.com,letherbit.com
bsnpvvv-www.beselines.com,beselines.com
sal-mining.tools,sal-mining.tools
eth-sdri.vip,eth-sdri.vip
CB-Titan.co,CB-Titan.co
cb-titan.live,cb-titan.live
m.cryptooex.co,cryptooex.co
rsygvpo.com,rsygvpo.com
xcm.iupkls.vip,iupkls.vip
fxcmcenter.com,fxcmcenter.com
iex-apr.com,iex-apr.com
"jubiopt.com
jubikda.com","com
jubikda.com"
hutline1.com,hutline1.com
nzbtc.top,nzbtc.top
ETH-MINERAL.NET,ETH-MINERAL.NET
ant-cb.com,ant-cb.com
bitbankchains.com,bitbankchains.com
bitsmexclm.com,bitsmexclm.com
bitcorecrypto.cc,bitcorecrypto.cc
kinepro.vip,kinepro.vip
bittoptions.com,bittoptions.com
m.worldcoinq.com,worldcoinq.com
h5.hifly22797.top,hifly22797.top
carrodsecurities-ltd.com,carrodsecurities-ltd.com
ethereum-defi.org,ethereum-defi.org
ETHGO.app,ETHGO.app
bestfordcapital-sg.com,bestfordcapital-sg.com
ethcoino.com,ethcoino.com
HCcoins.vip,HCcoins.vip
jetswapvip.net,jetswapvip.net
hydefieco.com,hydefieco.com
ethliquitmining.com,ethliquitmining.com
mcpogroup.com,mcpogroup.com
nodieexchange.com,nodieexchange.com
tuf-markets.com,tuf-markets.com
macking-forex.com,macking-forex.com
skybotscapital.com,skybotscapital.com
payantexchange.com,payantexchange.com
perbiiis.com,perbiiis.com
eth-panda.vip,eth-panda.vip
interstellaren.com,interstellaren.com
gfeasg.com,gfeasg.com
cubicwalletex.com,cubicwalletex.com
sichcapitalla.com,sichcapitalla.com
ethsany.org,ethsany.org
trxbtc.com,trxbtc.com
alphalcd.net,alphalcd.net
h5.tpgnew.xyz,tpgnew.xyz
mindstoneltd.com,mindstoneltd.com
losslessmint.org,losslessmint.org
asbafx.com,asbafx.com
yeekex.cc,yeekex.cc
dmttrust.com,dmttrust.com
udsv.xyz,udsv.xyz
morgan.qxanys.com,qxanys.com
zipmexs-otc.com,zipmexs-otc.com
m.coinmog.net,coinmog.net
cd29.xyz,cd29.xyz
eightaccesscrypto.com,eightaccesscrypto.com
"advantageousearnings.com
IQBROKERSFX.COM
autopremiumoptions.com
Fortunefx.com","com
Fortunefx.com"
kirunaonline.com,kirunaonline.com
nytelockdigitalwe.top,nytelockdigitalwe.top
myrafflesmall.com,myrafflesmall.com
defiearn-vip.com,defiearn-vip.com
oxt-eth.com,oxt-eth.com
enterprisebank.com,enterprisebank.com
Smartmine.info,Smartmine.info
huntingglobal.com,huntingglobal.com
aaxpro.vip,aaxpro.vip
smartmine.info,smartmine.info
monishopping.com,monishopping.com
web.fxusfx.com,fxusfx.com
yuwsiawojxakqxnsj.net,yuwsiawojxakqxnsj.net
tifuforex.com,tifuforex.com
fuhui88.xyz,fuhui88.xyz
i08.me,i08.me
hkg8.net,hkg8.net
Bityardeu.com,Bityardeu.com
metaex.bet,metaex.bet
webitbvhyf.com,webitbvhyf.com
bilaxy.tv,bilaxy.tv
antsex.com,antsex.com
coinegglu.com,coinegglu.com
vPXr.duanurl.xyz,duanurl.xyz
Blockchain.com,Blockchain.com
utiphot.com,utiphot.com
datospc.com,datospc.com
hifly73892.top ,hifly73892.top 
btcexet.com,btcexet.com
coinsmartex.com,coinsmartex.com
mining-unicoin.com,mining-unicoin.com
Indusgold.ltd,Indusgold.ltd
toptankep.com,toptankep.com
mikean.com,mikean.com
ikecg.com,ikecg.com
bxmex.top,bxmex.top
defi-ctcs.com,defi-ctcs.com
globallw.com,globallw.com
defi-eth.co,defi-eth.co
watercfx.net,watercfx.net
b483.live40000.com,live40000.com
actuaryf.com,actuaryf.com
ioaxes.com,ioaxes.com
ceggcc.vip,ceggcc.vip
tradedwellterm.com,tradedwellterm.com
monerogo.com,monerogo.com
x.cmc.bet,cmc.bet
universalfxtradingservices.com,universalfxtradingservices.com
bkexdao.com,bkexdao.com
ios.lic,ios.lic
wunidklarsjdls.org,wunidklarsjdls.org
trustedfxoptoins.com,trustedfxoptoins.com
wardirectory.com,wardirectory.com
h5.federalfinancial35697.info,federalfinancial35697.info
"sjfuturefx.com
 https","sjfuturefx.com
 https"
daclandfx.com,daclandfx.com
liquityp.xyz,liquityp.xyz
digitalq.vip,digitalq.vip
btx26.xyz,btx26.xyz
h5.hrtrafc.com,hrtrafc.com
tidebitpros.vip,tidebitpros.vip
sushidexfi.com,sushidexfi.com
crown-fx.com,crown-fx.com
coin-app.top,coin-app.top
amindavefx.com,amindavefx.com
t-professional.tw,t-professional.tw
bsv-global.com,bsv-global.com
cen-tiger.com,cen-tiger.com
congratulationsex.com,congratulationsex.com
Centerassets.com,Centerassets.com
k27v.xyz,k27v.xyz
defi-usdt.net,defi-usdt.net
hotaex.net,hotaex.net
douglas-forex.com,douglas-forex.com
defi.usd-defi.org,usd-defi.org
webitbvhylk.com,webitbvhylk.com
xigouleshop.com,xigouleshop.com
Altman-Inc.com,Altman-Inc.com
skyamltd.com,skyamltd.com
bicc66.com,bicc66.com
mathns.com,mathns.com
pitbears.vip,pitbears.vip
metechains.co,metechains.co
mokfxm.com,mokfxm.com
m.watercfx.net,watercfx.net
daclandindex.com,daclandindex.com
defiearn-vip.co,defiearn-vip.co
ifsmarkets.is,ifsmarkets.is
bridgetrustfx.com,bridgetrustfx.com
antrush.com,antrush.com
upsalefx.com,upsalefx.com
h5.7ylk1006.top,7ylk1006.top
avatjte.com,avatjte.com
cbccyap.vip,cbccyap.vip
coindeskex.com,coindeskex.com
"bilaxyex.co
 https","bilaxyex.co
 https"
yllfx.co,yllfx.co
qzblm.com,qzblm.com
eth-defi131.com,eth-defi131.com
ammuni.shop,ammuni.shop
seus-fx.com,seus-fx.com
jet-fx.com,jet-fx.com
ascedexo.com,ascedexo.com
coinrise.ca,coinrise.ca
lsetoken.com,lsetoken.com
neptuneexchange.com,neptuneexchange.com
fxace.com,fxace.com
aava-defi.xyz,aava-defi.xyz
bteaa.com,bteaa.com
nang5.com,nang5.com
gventurep.vip,gventurep.vip
Moneroall.com,Moneroall.com
iprimecapital.com,iprimecapital.com
fastdeliveryshipmentservice.com,fastdeliveryshipmentservice.com
xrp-miningservice.online,xrp-miningservice.online
h5.bqsfbk.com,bqsfbk.com
apten.live,apten.live
coinestegg.com,coinestegg.com
scoinco.com,scoinco.com
ethcodefe.com,ethcodefe.com
defi-ethgo.org,defi-ethgo.org
bitsmexcim.net,bitsmexcim.net
Lbank-t.net,Lbank-t.net
bnbview.com,bnbview.com
cbotboxs.com,cbotboxs.com
h5.dwofk987.top,dwofk987.top
mytheresa.com,mytheresa.com
chevrontexacoae.com,chevrontexacoae.com
h5.bi-fans.com,bi-fans.com
f2pfit.com,f2pfit.com
eth-ctc.com,eth-ctc.com
psusy.com,psusy.com
aava-migning.xyz,aava-migning.xyz
tidexp.vip,tidexp.vip
h5.pq50z451.top,pq50z451.top
zbgrlm.com,zbgrlm.com
zbgopt.com,zbgopt.com
coinuuex.com,coinuuex.com
coiniststar.com,coiniststar.com
surlarss.xyz,surlarss.xyz
letraders.com,letraders.com
Pool-usdt.com,Pool-usdt.com
Ehte-usdt.com ,Ehte-usdt.com 
newtonexs.com,newtonexs.com
coincomvip.site ,coincomvip.site 
bitcomex.site,bitcomex.site
xytin.com,xytin.com
coinyee.site,coinyee.site
h5.hsnhc321.top,hsnhc321.top
xt-exchange.com,xt-exchange.com
webtrader.trustpixs.com,trustpixs.com
btcclub.shop,btcclub.shop
veritastradingpro.com,veritastradingpro.com
ccascaf.live,ccascaf.live
ethsuperdefi.com,ethsuperdefi.com
caisay.com,caisay.com
FGCT.godaddy.com,godaddy.com
an-tb.com,an-tb.com
webtrader.tedex.cc,tedex.cc
utrc20.com,utrc20.com
bitwellv.vip,bitwellv.vip
keovietbon.com,keovietbon.com
Eth-prik.net,Eth-prik.net
Tether-defi.net,Tether-defi.net
d.deutschemghp.buzz,deutschemghp.buzz
h5.boursoramazl.cc,boursoramazl.cc
coinbase-otc.buzz,coinbase-otc.buzz
bit-c.co,bit-c.co
defi-ai.pro,defi-ai.pro
account.surigae-fx.com,surigae-fx.com
H5.uniswape.ai,uniswape.ai
USA.vacaii.com,vacaii.com
cbdefi.vip,cbdefi.vip
bnbrr.com,bnbrr.com
client.jkefx.com,jkefx.com
Ethpools.me,Ethpools.me
0xb5d85cbf7cb3ee0d56b3bb207d5fc4b82f43f511.t-bit.org,t-bit.org
fexjim.com,fexjim.com
bitgetf.com,bitgetf.com
deif.etc-defi918.xyz,etc-defi918.xyz
m.globallxxx.com,globallxxx.com
sastook.com,sastook.com
ntucapital.com,ntucapital.com
invest-luxurypropertyshares.com,invest-luxurypropertyshares.com
tradecryptonetoption.com,tradecryptonetoption.com
meta-miner.top,meta-miner.top
user.ruiwinfx.com,ruiwinfx.com
fglobalfx.com,fglobalfx.com
dolo.getexbux.com,getexbux.com
starekco.com,starekco.com
ethpools.me,ethpools.me
directedgedep.com,directedgedep.com
Hcoinweb.com.,com.
web.Tokenswap.net,Tokenswap.net
inktech.live,inktech.live
fclcoin.com,fclcoin.com
defi.etcdefi81.xyz,etcdefi81.xyz
biggloballtd.com,biggloballtd.com
ethusdt.co,ethusdt.co
gsexm.com,gsexm.com
dogwoldcoltd.com,dogwoldcoltd.com
tetherminning.com,tetherminning.com
eth-cbusdt.io,eth-cbusdt.io
fycurrss.com,fycurrss.com
defi-base.com,defi-base.com
Monerodaos.com,Monerodaos.com
vertforex.com,vertforex.com
mathos.vip,mathos.vip
rudolfstarkage.com,rudolfstarkage.com
dydx-s.com,dydx-s.com
capitalonetom.com,capitalonetom.com
biki11.com,biki11.com
weexart.com,weexart.com
cwg-ltd.com,cwg-ltd.com
maxt.vip,maxt.vip
berat-fx.com,berat-fx.com
latoken-glo.com,latoken-glo.com
movex.link,movex.link
eth-fun.com,eth-fun.com
copperlanch.com ,copperlanch.com 
bbankpower.com,bbankpower.com
arttoken168.cc,arttoken168.cc
fufa1389.com,fufa1389.com
ethcoinsbase.com,ethcoinsbase.com
kineproap.vip,kineproap.vip
Nftleadc.com,Nftleadc.com
shenghuigroupax.com,shenghuigroupax.com
bat-eth.com,bat-eth.com
dapp-eth.pw,dapp-eth.pw
ninelordcoin.com,ninelordcoin.com
imcoinbase.xyz,imcoinbase.xyz
iiiusdt.com,iiiusdt.com
starlinkspro.com,starlinkspro.com
gurionfx.com,gurionfx.com
oneex.pro,oneex.pro
Truexcoin.com,Truexcoin.com
cbigoneex.com,cbigoneex.com
eth-cpus20.net,eth-cpus20.net
hkcoex.com,hkcoex.com
lucky82.com,lucky82.com
daccefx.com,daccefx.com
trx-mining.com,trx-mining.com
xxefinance.com,xxefinance.com
uniswapv3-defi.com,uniswapv3-defi.com
batgold.uk,batgold.uk
coboka.com,coboka.com
absystem.pro,absystem.pro
metatrader3-ex.com,metatrader3-ex.com
dmcc-eth.com,dmcc-eth.com
fsdsglobal.ltd,fsdsglobal.ltd
m.dcgcoins.net,dcgcoins.net
ascendex.com,ascendex.com
auxuglobal.com,auxuglobal.com
bitmain.capital,bitmain.capital
eth-eventwil.com,eth-eventwil.com
investingNX.com,investingNX.com
cexcoin.net,cexcoin.net
ftsfx.net,ftsfx.net
lmigroupltd.com,lmigroupltd.com
locusmarkets.com,locusmarkets.com
BQBEX.top,BQBEX.top
cointvb.com,cointvb.com
simexyum.com,simexyum.com
ftx-jys.cn,ftx-jys.cn
boursobrgd.cc,boursobrgd.cc
merrilledgefinance.com,merrilledgefinance.com
86z.com,86z.com
86fb.com,86fb.com
86w.com,86w.com
eto.cash,eto.cash
mintusdt.net,mintusdt.net
m.seagull-crypto.com,seagull-crypto.com
exsitecoinhck.com,exsitecoinhck.com
interstellaret.com,interstellaret.com
zlfcr.xyz,zlfcr.xyz
ethstake.exchange,ethstake.exchange
hkex.fun,hkex.fun
ifsmarketsvip.com,ifsmarketsvip.com
Uhotcoins.com,Uhotcoins.com
ehotcoin.com,ehotcoin.com
cboechange.com,cboechange.com
hgs.hgshwb168.com,hgshwb168.com
hk.33783.shop,33783.shop
liquidityswap.vip,liquidityswap.vip
m.uvs123.com,uvs123.com
online.evonex-holdings.com,evonex-holdings.com
rycoincrypto.pro,rycoincrypto.pro
web.ruoyi.space,ruoyi.space
sinkeffect.cc,sinkeffect.cc
user.frtcnet.live,frtcnet.live
m.kraemd.com,kraemd.com
klcroerjully.com,klcroerjully.com
leverj-vip.com,leverj-vip.com
texcoin-pro.com,texcoin-pro.com
dldownloadms.com,dldownloadms.com
dappeth.info,dappeth.info
qraie.net,qraie.net
h5.ip0dn243.top,ip0dn243.top
ICmarkets.com,ICmarkets.com
bteth.tools,bteth.tools
e9btc.com,e9btc.com
trader.ansfx.net,ansfx.net
dask99.com,dask99.com
bitvito-otc.com,bitvito-otc.com
defi-ai.info,defi-ai.info
bomwinbit.com,bomwinbit.com
cmegrouo.com,cmegrouo.com
coinbase-usdt.cc,coinbase-usdt.cc
coagesp.vip,coagesp.vip
ethliquidmining8.com,ethliquidmining8.com
sunbit1.com,sunbit1.com
assetcapitallimited.com,assetcapitallimited.com
ethusdt.eht.life,eht.life
lc8.site,lc8.site
crm.ronghuimarket.com,ronghuimarket.com
der-bit.com,der-bit.com
cboeanc.com,cboeanc.com
verse90.com,verse90.com
leverj-eth.com,leverj-eth.com
h5.lglwzyb.top,lglwzyb.top
polygonnodeminning.com,polygonnodeminning.com
bitmartweb.com,bitmartweb.com
safemoretrx.cc,safemoretrx.cc
nxbpro.cn,nxbpro.cn
cb-titan.wine,cb-titan.wine
dydx-eth.com,dydx-eth.com
bitcorebtx26.xyz,bitcorebtx26.xyz
deplve.com,deplve.com
sushi-miningpool.com,sushi-miningpool.com
ammdefi.org,ammdefi.org
bitstamp-btc.com,bitstamp-btc.com
i-creditgo.com,i-creditgo.com
qewoldcoltd.com,qewoldcoltd.com
m.movex.asia,movex.asia
h5.boursorpdf.com,boursorpdf.com
gdaxss.vip,gdaxss.vip
Hekamenltd.com,Hekamenltd.com
savantcps.com,savantcps.com
dydx-vip-defi.com,dydx-vip-defi.com
Hkcoex.com,Hkcoex.com
mdncoin.com,mdncoin.com
cibcmax.today,cibcmax.today
coindel-usdt.com,coindel-usdt.com
matrixportc.net,matrixportc.net
