appName,customerUrl,downloadUrl,h5Url,topLogoUrl,websiteUrl,whatsapp,ip,as,ip_owner,geo
HotForex,https://chatlink123.meiqia.cn/widget/standalone.html?eid=45ae7804f8f8c289b5547c6a415e5f99&language=en,https://d.app31300.top?it=d24609dfd72fa52a70d05b2bbc1e7b85,https://h5.hotforexax.com,/img/612f5a9c8457a4943619689252157.png,https://www.hotforexax.com,whatsapp,,,,
StarEx,https://chat.ichats.vip/index?key=0798a9de5ea811a2919ce6296ffbfdde&lang=en-US,https://d.starexaui.xyz?it=7fd7cb9b3c39b0619dfc00de6032857f,https://h5.starexcer.com,/img/613acbfb16a4c7016908946941020.png,https://www.starexcer.com,whatsapp,,,,
BBLS,https://chat.alivechat.cc/index?key=495290ac1825f66b2991b966a3ce8cd6,https://d.app79021.top?it=03f1c7cc556e71aa4641c7ade746d7a7,https://h5.hifly62823.top,/img/608cd2a581a7d2455624772682900.png,https://www.hifly62823.top,whatsapp,,,,
HRX,https://chat.ichatvip.online/index?key=d3ecfa030ab9891f5334cd9c4e7e108b&lang=en,https://d.hrtrad.xyz?it=d198a3dd67c5a16886c7732cf7e3a209,https://h5.hriinta.com,/img/6045c7c2617bd2216515362537633.png,https://www.hriinta.com,whatsapp,,,,
CEX,https://chat.ichats.vip/index?key=5285da4a475bf8a7bc55760ce50566bc,https://d.cexint.xyz?it=e78ad094913ff299d30061b7dbcf1266,https://h5.cexuary.com,/img/61307a4e8dbe99350397348125517.png,https://www.cexuary.com,whatsapp,,,,
Effy International,https://chat.ichats.vip/index?key=73b7dee2a39790d52d3613a41979650a&lang=en-US,https://d.aifeiglobal.xyz?it=0ddb1248d66adbc1a4a71275d4a6d460,https://h5.aifeieu.com,/img/6087e18046fb92784868255933462.png,https://www.aifeieu.com,whatsapp,,,,
Oriental wealth,1,https://d.eastftrad.xyz?it=782ce5254eba50d0fc21c498c0975b8c,https://h5.hifly88212.xyz,/img/60b335a13c3797566380049667139.png,https://www.hifly88212.xyz,85296519624,,,,
ZNN,https://chat.ichats.vip/index?key=b1cb66c969ee62f3bc647c89ad30e8a4,https://d.znncnbint.com?it=d12abaa86d59d528ca3d6066acbe04e4,https://h5.znnznb.com,/img/60a346e6b00856385382371215231.png,https://www.znnznb.com,whatsapp,,,,
IG,https://chat.ichats.vip/index?key=14c4da944481c7679937232b0c0e093f&lang=en,https://d.igtradr.buzz?it=3332a3153afe32079938d5f0ed41741c,https://h5.igbitcfdtrading.com,/img/603b670e54a0b9384921211192093.png,https://www.igbitcfdtrading.com,whatsapp,,,,
CEX,https://chat.ichats.vip/index?key=5285da4a475bf8a7bc55760ce50566bc,https://d.cexint.xyz?it=e78ad094913ff299d30061b7dbcf1266,https://h5.cexuary.com,/img/61307a4e8dbe99350397348125517.png,https://www.cexuary.com,whatsapp,,,,
BBEX,https://chat.ichats.vip/index?key=01bf0cfb8fd43f6a0194f14a600dd7a0&lang=en-US,https://d.hotbitrad.xyz?it=62aaf6f2b562aa8bca78bc91a3bc27e5,https://h5.bbexau.com,/img/607d3daacde1d9948068814776849.png,https://www.bbexau.com,19792698086,,,,
Bittrex,https://chat.ichats.vip/index?key=4f92a5594b0f64076f8ade640cf8066c&lang=en-US,https://d.app22120.top?it=134e286a01cb915b469fc3edb2cffad6,https://h5.bittrexllv.com,/img/613837068abc86544416302703405.png,https://www.bittrexllv.com,whatsapp,,,,
CoinseaEX,https://chat.alivechat.cc/index?key=b526d1fcc6730bc481c0f7998ea476e1,https://d.bitzontd.buzz?it=3a4190e8b54bc2ad30f51b53babc68de,https://h5.hifly38786.top,/img/6030d5ba45d0d9795544223006772.png,https://www.hifly38786.top,whatsapp,,,,
KuCoin,https://chat.ichats.vip/index?key=f2775f2bdb665b6e89c68b38e238c4d8&lang=en-US,https://d.kucointac.buzz?it=dc938019e40ac62da1e19ca0a387e194,https://h5.kucoinaul.com,/img/61371e0eb9ea43028354188573503.png,https://www.kucoinaul.com,whatsapp,,,,
Boerse Frankfurt,https://chat.ichats.vip/index?key=0e97abebc3719f6f8dc373357b1aecdb&lang=en,https://d.boersefrankfurtru.xyz/?id=f724a520e89bdb9a37d4f29b395e5a1f,https://h5.boersefrankfurtau.com,/img/610147f5dad7a8372551495098763.png,https://www.boersefrankfurtau.com,whatsapp,,,,
Myrtles Trade,https://chat.rx10.cc/chat?secret=5d6f6ced3950baab46251225d60512b2aed951b5296585430707661721cee30a,https://d.myrtlestradesa.xyz?it=bed22cb2d1b45ad49290af845f52a043,https://h5.hifly58802.top,/img/60a35f5b95f0a4181012797174155.png,https://www.hifly58802.top,+1 9393080781,,,,
ICE,https://chat.alivechat.cc/index?key=a5163c4c9c49154c2eaa6726a3f3a280&lang=en,https://d.icetrads.xyz?it=87f6807fc5cfea6d4f9d6fecb700793d,https://h5.iceuki.com,/img/6144973c50f9a8084283518992251.png,https://www.iceuki.com,17162488888,,,,
Burg Exchange,https://chat.alivechat.cc/index?key=6d9cb921027592cac829a006d714cd1d&lang=en-US,https://d.burgextd.xyz?it=398e747e671aaa4718a9eb32d092b210,https://h5.burgexau.com,/img/6090fb9c27c951057722996808345.png,https://www.burgexau.com,whatsapp,,,,
Balancer Pro,https://chat.ichats.vip/index?key=306f2331204297b60a75d5ef3ef16a1f,https://d.app25576.xyz?it=f4dfdb398973d00e1c0d2fa1277345e7,https://h5.hifly61977.top,/img/611a08e23fd818724609858612221.png,https://www.hifly61977.top,whatsapp,,,,
BBLS,https://chat.alivechat.cc/index?key=495290ac1825f66b2991b966a3ce8cd6,https://d.app79021.top?it=03f1c7cc556e71aa4641c7ade746d7a7,https://h5.hifly62823.top,/img/608cd2a581a7d2455624772682900.png,https://www.hifly62823.top,whatsapp,,,,
BMO,https://chat.ichats.vip/index?key=55da5ca607d20c9f27b0d96079562e71&lang=en,https://d.bmokul.buzz?it=c9b604578fd09ab3041b253b5dd0d741,https://h5.bmovipg.com,/img/60472869e2f371866753963718446.png,https://www.bmovipg.com,17323078563,,,,
MOT Pro,https://chat.alivechat.cc/index?key=5f22e798be7263a8cbc498ca9c791448,https://d.motprorql.buzz?it=895b688142e9b501a798034d83e596fc,https://h5.motpor.com,/img/6177cddacafa78573153369643081.png,https://www.motpor.com,whatsapp,,,,
Eurex,https://chat.meiqia.cn/widget/standalone.html?eid=d01bb10b61790fa09c9c87357242d599,https://d.app17059.xyz?it=7ebc98b1519af02069b702f2416ca411,https://h5.eurexvip.com,/img/6035e7b5938e01491447126422610.png,https://www.eurexvip.com,whatsapp,,,,
UUEX,https://chat.ichats.vip/index?key=ba39016c810e1a16d672dacf8a7005fb&lang=en-US,https://d.uuexnly.com?it=57bd8fea6b8fc227ac661ea93411192f,https://h5.uuexfly.com,/img/60dbdc64e4b7e0386164832982818.png,https://www.uuexfly.com,whatsapp,,,,
HKEx,https://chat.ichats.vip/index?key=4fbc467a21e29b40ad99d37e012b4694&lang=en-US,https://d.app99988.xyz?it=24e795ea0acb2190bfcc1d3a91ae8ed7,https://h5.hkexful.com,/img/603b7c421f1c32916184418477420.png,https://www.hkexful.com,whatsapp,,,,
Bione,https://chat.ichats.vip/index?key=d891d95cf4fb526b6a750327a9d6b176&lang=en,https://d.app57105.xyz?it=cf8ed826cbb6545400587c438857047d,https://h5.bionecoltd.com,/img/60bb3ec32f4bf7600852553178638.png,https://www.bionecoltd.com,whatsapp,,,,
BG,https://chat.i-chat.online/index?key=c2186d0e493fad056bc7e84cd14bf8ed,https://d.bgtrad.xyz?it=0b86f8cb26ddb562a4a209aca1efe952,https://h5.hifly93750.top,/img/601c5a6ecc7158435753743974236.png,https://www.hifly93750.top,whatsapp,,,,
B2BX,https://chat.ichats.vip/index?key=8e9eda048a170c46e80726a1c9972c31&lang=en-US,https://d.b2bxcal.xyz?it=663467ac90165584cbcfbe58cac88102,https://h5.b2bxars.com,/img/61402facb100b7319456172822517.png,https://www.b2bxars.com,whatsapp,,,,
Federal Financial,https://chat.ichats.vip/index?key=89a1c1c42c23b613f1e934e3d15f55f0&lang=en-US,https://d.federalfinancialgol.buzz?it=1c03391630b6b1b8e8c5cd980a7df59e,https://h5.federalfinancialtea.com,/img/61372771566eb4896249674353886.png,https://www.federalfinancialtea.com,whatsapp,,,,
LMAX Global,https://chat.ichats.vip/index?key=590587dce474f22b4897a558b458b011,https://d.app50597.top?it=b6cb467d3ce6322cc73dff4a43986100,https://h5.hifly80611.top,/img/6116190f76c656190983104578771.png,https://www.hifly80611.top,whatsapp,,,,
DBAG Pro,https://chat.chatvip.vip/index?key=a154536a4f7c19bb52b8ccd8adc7570c&lang=en,https://d.dbagproco.xyz?it=10d7da2c702477cec229a47ba9ae88a2,https://h5.dbagpro.com,/img/613dd1816b6a91083696839501255.png,https://www.dbagpro.com,whatsapp,,,,
MXC,https://chat.ichats.vip/index?key=8d29b49b7a2fa54edb653df5df240291&lang=en-US,https://d.app16760.top?it=9dd56e5b04f88887f18b84a36b973672,https://h5.hifly78823.top,/img/613834268e6cc9100204457506297.png,https://www.mxcdrfi.com,whatsapp,,,,
LCTP,https://chat.chatvip.vip/index?key=68eea8569c7d0e4cf8844ffd4928a900&lang=en,https://d.lctpglobal.buzz?it=eea9e2ecf6a1c1b01db56ac05ca77da6,https://h5.lctpue.com,/img/60924f87994881321022924791184.png,https://www.lctpue.com,"15852078383
14153358364",,,,
B2BX,https://chat.ichats.vip/index?key=8e9eda048a170c46e80726a1c9972c31&lang=en-US,https://d.b2bxcal.xyz?it=663467ac90165584cbcfbe58cac88102,https://h5.b2bxars.com,/img/61402facb100b7319456172822517.png,https://www.b2bxars.com,whatsapp,,,,
LMAX Global,https://chat.ichats.vip/index?key=590587dce474f22b4897a558b458b011,https://d.app50597.top?it=b6cb467d3ce6322cc73dff4a43986100,https://h5.hifly80611.top,/img/6116190f76c656190983104578771.png,https://www.hifly80611.top,whatsapp,,,,
CXM Trading,https://chat.alivechat.cc?key=a1249ba015a71a94978c4672ed7a03ea&lang=en-US,https://d.cxmtradinr.xyz?it=07a36f1e90329691bf3b30cc749593ef,https://h5.cxmtradop.com,/img/60daa37b67acf7315936888881305.png,https://www.cxmtradop.com,whatsapp,,,,
MSJ,https://chat.ichats.vip/index?key=47141eb5a3d9c59d157260ad420fee37&lang=en-US,https://d.msjufly.xyz?it=f7844f37372cc7088280628d256c0dd2,https://h5.msjaut.com,/img/60e0303aeda4c9360445835568804.png,https://www.msjaut.com,whatsapp,,,,
Kicikex,https://chat.chatvip.vip/index?key=5208de65f3b8b48673701311da076030&lang=en,https://d.kicikexc.xyz?it=ee9b1aabdc562b4463436b6bb8c85ee5,https://h5.kicikexs.com,/img/614d9f04d6cdd3550095867900713.png,https://www.kicikexs.com,"14322333398
15198000318
19293971653",,,,
PFIÂ·DC,https://chat.ichats.vip/index?key=dc21efda62e8a7afde7259e686cd3270&lang=en-US,https://d.pfidcflu.xyz?it=abe7ff16cf545fcf4c73853ca198709c,https://h5.pfidcau.com,/img/613acb54a94254634981897106410.png,https://www.pfidcau.com,whatsapp,,,,
MXC,https://chat.ichats.vip/index?key=8d29b49b7a2fa54edb653df5df240291&lang=en-US,https://d.app16760.top?it=9dd56e5b04f88887f18b84a36b973672,https://h5.hifly78823.top,/img/613834268e6cc9100204457506297.png,https://www.mxcdrfi.com,whatsapp,,,,
BiUP,https://chat.ichatvip.online/index?key=19fd081d11531c2eba879b741ae7f665,https://d.ndsuntrad.buzz?it=ab81567cef760c454ed7ee7655113de7,https://h5.ndsuntra.com,/img/606ed408640de3586521749610487.png,https://www.ndsuntra.com,whatsapp,,,,
NYSE EURONEXT,https://chat.ichats.vip/index?key=985bb89c6b0690b0a6318f0311e62408,https://d.nyseuronexts.xyz?it=a08123dd8a75fc02fcabccbf15cb15e3,https://h5.nyseuronextspro.com,/img/60d3f495a17d46797475214704645.png,https://www.nyseuronextspro.com,whatsapp,,,,
NYSE EURONEXT,https://chat.ichats.vip/index?key=985bb89c6b0690b0a6318f0311e62408,https://d.nyseuronexts.xyz?it=a08123dd8a75fc02fcabccbf15cb15e3,https://h5.nyseuronextspro.com,/img/60d3f495a17d46797475214704645.png,https://www.nyseuronextspro.com,whatsapp,,,,
Bittrex,https://chat.ichats.vip/index?key=4f92a5594b0f64076f8ade640cf8066c&lang=en-US,https://d.app22120.top?it=134e286a01cb915b469fc3edb2cffad6,https://h5.bittrexllv.com,/img/613837068abc86544416302703405.png,https://www.bittrexllv.com,whatsapp,,,,
Federal Financial,https://chat.ichats.vip/index?key=89a1c1c42c23b613f1e934e3d15f55f0&lang=en-US,https://d.federalfinancialgol.buzz?it=1c03391630b6b1b8e8c5cd980a7df59e,https://h5.federalfinancialtea.com,/img/61372771566eb4896249674353886.png,https://www.federalfinancialtea.com,whatsapp,,,,
Myrtles Trade,https://chat.rx10.cc/chat?secret=5d6f6ced3950baab46251225d60512b2aed951b5296585430707661721cee30a,https://d.myrtlestradesa.xyz?it=bed22cb2d1b45ad49290af845f52a043,https://h5.hifly58802.top,/img/60a35f5b95f0a4181012797174155.png,https://www.hifly58802.top,+1 9393080781,,,,
IG,https://chat.ichats.vip/index?key=14c4da944481c7679937232b0c0e093f&lang=en,https://d.igtradr.buzz?it=3332a3153afe32079938d5f0ed41741c,https://h5.igbitcfdtrading.com,/img/603b670e54a0b9384921211192093.png,https://www.igbitcfdtrading.com,whatsapp,,,,
AvaTrade,https://chat.ichats.vip/index?key=155c17a9c2dbffa751f01747a5e97894&lang=en-US,https://d.avatradefy.xyz?it=2e65276f43752444609332c1abe1b276,https://h5.avatraderal.com,/img/603b66cabbebc9274197866926800.png,https://www.avatraderal.com,WhatsApp,13.75.54.1,8075,Microsoft Corporation,
AvaTrade,https://chat.ichats.vip/index?key=155c17a9c2dbffa751f01747a5e97894&lang=en-US,https://d.avatradefy.xyz?it=2e65276f43752444609332c1abe1b277,https://h5.avatraderal.com,/img/603b66cabbebc9274197866926800.png,https://www.avatraderal.com,WhatsApp,40.83.126.20,8075 ,,
AvaTrade,,https://app.avadtrade.buzz/,,,https://app.avadtrade.buzz/,,,,,
,,,,,,,,,,
,,,,,,,,,,
Coinbase Pro,https://chat.ichats.vip/index?key=8a76812eab472ddaa6cfc14eb5528d18&lang=en-US,https://d.app50597.top?it=ab1a12697cd2b0c1c47da52cf58540db,https://h5.coinbaseprose.com,/img/611f233c86e559469116246026473.png,https://www.coinbaseprose.com,whatsapp,,,,
ASX,https://chat.ichats.vip/index?key=6ec81d1d3d7f02fbdafc93bdc98ef0b5&lang=en-US,https://d.app51061.top?it=9c50faff12c1c54f67efe23033b3348a,https://h5.asxfly.com,/img/605eb142aecf75433453867420961.png,https://www.asxfly.com,whatsapp,,,,
BG,https://chat.i-chat.online/index?key=c2186d0e493fad056bc7e84cd14bf8ed,https://d.bgtrad.xyz?it=0b86f8cb26ddb562a4a209aca1efe952,https://h5.hifly93750.top,/img/601c5a6ecc7158435753743974236.png,https://www.hifly93750.top,whatsapp,,,,
Oriental wealth,1,https://d.eastftrad.xyz?it=782ce5254eba50d0fc21c498c0975b8c,https://h5.hifly88212.xyz,/img/60b335a13c3797566380049667139.png,https://www.hifly88212.xyz,85296519624,,,,
ALC,https://chat.alivechat.cc/index?key=e6c3d95b2db60c323c35de3033b0e466&aid=d1569dff3061d49b2fad29a33a71c8e3&lang=en,https://d.alckow.xyz?it=6ddeae04a7d28288db7cdf4e7dc8a1e1,https://h5.alcvip.com,/img/617b5f314bcc55203030763602391.png,https://www.alcvip.com,whatsapp,,,,
BitcoinHK,https://chat.meiqia.cn/widget/standalone.html?eid=bdc10eec3f577cc61af7449995f31b46,https://d.app32668.top?it=34e4aa30c44121835d41a02310903855,https://h5.bitcoinhkk.com,/img/602f6d9a2870f4297200992507419.png,https://www.bitcoinhkk.com,whatsapp,,,,
